departamento,codigo_dane,municipio,poblacion,homicidios,tasa_homicidios
ANTIOQUIA,5819,Toledo,4867,12,246.55845490034932
VALLE,76041,Ansermanuevo,17894,43,240.3040125181625
NARIÑO,52540,Policarpa,9905,22,222.1100454316002
CAUCA,19050,Argelia,27464,55,200.26216137489075
CAUCA,19300,Guachené,20320,40,196.8503937007874
ARAUCA,81591,Puerto Rondón,4673,9,192.59576289321635
ANTIOQUIA,5647,San Andrés de Cuerquía,7406,13,175.53335133675398
VALLE,76823,Toro,14973,26,173.6458959460362
ANTIOQUIA,5353,Hispania,5862,10,170.590242238144
VALLE,76243,El Águila,9210,15,162.86644951140065
ANTIOQUIA,5854,Valdivia,14927,24,160.7824747102566
VALLE,76100,Bolívar,16071,25,155.55970381432394
ANTIOQUIA,5576,Pueblorrico,9040,14,154.86725663716814
ANTIOQUIA,5040,Anorí,20688,32,154.67904098994586
CAUCA,19212,Corinto,27157,42,154.65625805501344
ANTIOQUIA,5604,Remedios,32457,50,154.04997381150443
ANTIOQUIA,5642,Salgar,18915,29,153.31747290510177
ANTIOQUIA,5091,Betania,10758,16,148.72652909462724
ANTIOQUIA,5101,Ciudad Bolívar,27391,39,142.38253440911248
ARAUCA,81794,Tame,46068,65,141.0957714682643
META,50325,Mapiripán,7280,10,137.36263736263737
CAQUETÁ,18610,San José del Fragua,13229,18,136.06470632700885
CHOCÓ,27660,San José del Palmar,5164,7,135.55383423702554
ANTIOQUIA,5120,Cáceres,29159,37,126.89049693062177
HUILA,41349,Hobo,7995,10,125.07817385866166
VALLE,76845,Ulloa,5636,7,124.2015613910575
ANTIOQUIA,5031,Amalfi,28716,35,121.88327065050842
CHOCÓ,27580,Río Iro,5747,7,121.80267965895248
VALLE,76020,Alcalá,14381,17,118.21152910089702
NARIÑO,52233,Cumbitara,5948,7,117.68661735036987
VALLE,76828,Trujillo,19948,23,115.29977942650892
ANTIOQUIA,5736,Segovia,39116,45,115.04243787708354
ANTIOQUIA,5809,Titiribí,11449,13,113.54703467551751
CAUCA,19532,Patía,38915,44,113.06694076834125
VALLE,76497,Obando,12572,14,111.35857461024499
BOLÍVAR,13688,Santa Rosa del Sur,33643,37,109.97830157833725
CAUCA,19845,Villa Rica,23298,25,107.30534809854923
VALLE,76563,Pradera,49776,53,106.47701703632272
VALLE,76400,La Unión,34777,36,103.51669206659574
NARIÑO,52786,Taminango,18398,19,103.27209479291228
CHOCÓ,27001,Quibdó (CT),140076,143,102.08743824780832
CAUCA,19573,Puerto Tejada,43471,44,101.21690322283821
CAUCA,19698,Santander de Quilichao,126198,127,100.6355092790694
PUTUMAYO,86320,Orito,38938,39,100.15922748985568
ANTIOQUIA,5790,Tarazá,29027,29,99.90698315361558
HUILA,41483,Nátaga,7007,7,99.9000999000999
RISARALDA,66687,Santuario,13026,13,99.8003992015968
BOLÍVAR,13744,Simití,18510,18,97.24473257698541
CAUCA,19110,Buenos Aires,33003,32,96.96088234402933
HUILA,41020,Algeciras,22769,22,96.6226009047389
MAGDALENA,47980,Zona Bananera,79037,76,96.15749585637107
CAUCA,19533,Piamonte,9705,9,92.73570324574962
CAUCA,19780,Suárez,37158,34,91.50115722051778
VALLE,76275,Florida,57543,52,90.36720365639609
VALLE,76054,Argelia,5543,5,90.20386072523904
ANTIOQUIA,5209,Concordia,22182,20,90.16319538364439
BOLÍVAR,13670,San Pablo,29026,26,89.57486391511058
ARAUCA,81065,Arauquita,53319,47,88.14868996042686
BOLÍVAR,13490,Norosí,12515,11,87.89452656811825
VALLE,76403,La Victoria,12681,11,86.74394763819888
HUILA,41359,Isnos,26521,23,86.72372836620038
VALLE,76895,Zarzal,43760,37,84.55210237659963
NORTE DE SANTANDER,54553,Puerto Santander,9525,8,83.98950131233596
ANTIOQUIA,5887,Yarumal,41862,35,83.60804548277675
ANTIOQUIA,5893,Yondó,21677,18,83.0373206624533
ANTIOQUIA,5756,Sonson,36144,30,83.00132802124834
TOLIMA,73675,San Antonio,13284,11,82.80638361939175
ANTIOQUIA,5847,Urrao,31776,26,81.82275931520645
GUAVIARE,95015,Calamar,9862,8,81.11944838775096
CALDAS,17524,Palestina,16059,13,80.95149137555265
ANTIOQUIA,5134,Campamento,9940,8,80.48289738430583
ANTIOQUIA,5154,Caucasia,93572,75,80.15218227674946
VALLE,76890,Yotoco,16743,13,77.64438869975511
ANTIOQUIA,5885,Yalí,7746,6,77.45933384972889
CAUCA,19290,Florencia,5213,4,76.73124880107424
ANTIOQUIA,5792,Tarso,6530,5,76.5696784073507
ANTIOQUIA,5658,San José de La Montaña,3963,3,75.7002271006813
VALLE,76250,El Dovio,9256,7,75.62662057044079
NARIÑO,52612,Ricaurte,22530,17,75.4549489569463
VALLE,76606,Restrepo,15926,12,75.34848675122441
VALLE,76147,Cartago,142792,107,74.93416998151157
CALDAS,17446,Marulanda,2685,2,74.487895716946
ANTIOQUIA,5858,Vegachí,12126,9,74.22068283028203
TOLIMA,73030,Ambalema,6761,5,73.95355716609969
ANTIOQUIA,5055,Argelia,8170,6,73.43941248470011
HUILA,41006,Acevedo,25976,19,73.14444102248228
ARAUCA,81220,Cravo Norte,4135,3,72.55139056831923
SANTANDER,68081,Barrancabermeja,226559,162,71.50455289792063
CHOCÓ,27491,Nóvita,9825,7,71.2468193384224
MAGDALENA,47189,Ciénaga,136851,96,70.14928645022688
NORTE DE SANTANDER,54261,El Zulia,31482,22,69.88120195667365
CHOCÓ,27810,Unión Panamericana,7202,5,69.42515967786726
TOLIMA,73275,Flandes,29056,20,68.83259911894274
CHOCÓ,27413,Lloró,10316,7,67.85575804575417
CAUCA,19455,Miranda,32570,22,67.54682222904513
CAUCA,19075,Balboa,22220,15,67.50675067506751
NORTE DE SANTANDER,54245,El Carmen,14851,10,67.33553296074338
VALLE,76318,Guacarí,34561,23,66.54900031827783
PUTUMAYO,86865,Valle del Guamuez,34604,23,66.46630447347128
CAUCA,19450,Mercaderes,25765,17,65.98098195226082
SANTANDER,68385,Landázuri,10619,7,65.91957811470006
MAGDALENA,47268,El Retén,21274,14,65.8080285794867
PUTUMAYO,86571,Puerto Guzmán,41134,27,65.63913064618077
ANTIOQUIA,5044,Anza,7628,5,65.54798112218144
ANTIOQUIA,5093,Betulia,16861,11,65.23930964948698
ANTIOQUIA,5036,Angelópolis,6149,4,65.05122784192552
ANTIOQUIA,5861,Venecia,12343,8,64.8140646520295
ANTIOQUIA,5086,Belmira,6193,4,64.58905215565962
CAUCA,19142,Caloto,31061,20,64.38942725604456
VALLE,76111,Guadalajara de Buga,132138,85,64.32668876477622
ANTIOQUIA,5138,Cañasgordas,15570,10,64.22607578676943
CAUCA,19821,Toribio,39282,25,63.6423807341785
PUTUMAYO,86569,Puerto Caicedo,17329,11,63.47740781349183
NARIÑO,52418,Los Andes,9553,6,62.80749502773998
CHOCÓ,27787,Tadó,19134,12,62.71558482282847
VALLE,76364,Jamundí,189878,119,62.671820853390074
ANTIOQUIA,5107,Briceño,8023,5,62.320827620590805
CHOCÓ,27372,Juradó,8260,5,60.53268765133172
CHOCÓ,27745,Sipí,3325,2,60.150375939849624
PUTUMAYO,86568,Puerto Asís,71540,43,60.10623427453174
CALDAS,17665,San José,5002,3,59.97600959616153
QUINDÍO,63470,Montenegro,37530,22,58.61977084998667
HUILA,41770,Suaza,25611,15,58.56858381164344
NORTE DE SANTANDER,54003,Abrego,35875,21,58.536585365853654
CAQUETÁ,18410,La Montañita,15382,9,58.50994669093746
TOLIMA,73624,Rovira,22305,13,58.28289621161174
VALLE,76248,El Cerrito,56819,33,58.07916366004329
CASANARE,85279,Recetor,1728,1,57.87037037037037
NORTE DE SANTANDER,54673,San Cayetano,8712,5,57.3921028466483
VALLE,76622,Roldanillo,38443,22,57.22758369534115
VALLE,76036,Andalucía,24590,14,56.933712891419276
VALLE,76246,El Cairo,7034,4,56.86664771111742
TOLIMA,73873,Villarrica,5280,3,56.81818181818181
ANTIOQUIA,5425,Maceo,8808,5,56.76657584014533
GUAVIARE,95200,Miraflores,7049,4,56.74563767910342
CESAR,20614,Río de Oro,19390,11,56.73027333677153
BOLÍVAR,13160,Cantagallo,8825,5,56.65722379603399
MAGDALENA,47288,Fundación,75360,42,55.73248407643312
MAGDALENA,47745,Sitionuevo,28889,16,55.3844023676832
CHOCÓ,27800,Unguía,12703,7,55.10509328505078
ANTIOQUIA,5761,Sopetrán,16366,9,54.992056702920685
CESAR,20238,El Copey,34776,19,54.63538072233724
QUINDÍO,63594,Quimbaya,31400,17,54.140127388535035
GUAJIRA,44001,Riohacha (CT),209292,113,53.991552472144186
MAGDALENA,47030,Algarrobo,18615,10,53.72011818426001
VALLE,76122,Caicedonia,30115,16,53.12966959986718
CAQUETÁ,18094,Belén de Los Andaquies,11371,6,52.76580775657374
CAUCA,19130,Cajibío,45786,24,52.4177696239025
VALLE,76736,Sevilla,43923,23,52.364364911322085
VALLE,76670,San Pedro,17270,9,52.11349160393746
ANTIOQUIA,5250,El Bagre,55742,29,52.02540274837644
META,50590,Puerto Rico,13492,7,51.882597094574564
ATLÁNTICO,8433,Malambo,149019,77,51.6712633959428
VALLE,76130,Candelaria,110619,57,51.528218479646355
HUILA,41357,Iquira,9715,5,51.4668039114771
GUAJIRA,44090,Dibulla,48596,25,51.44456333854639
CHOCÓ,27361,Istmina,35215,18,51.11458185432345
NARIÑO,52390,La Tola,7838,4,51.03342689461597
BOYACÁ,15442,Maripí,5887,3,50.959741803974865
HUILA,41530,Palestina,11821,6,50.7571271466035
HUILA,41551,Pitalito,140776,71,50.434733193157925
TOLIMA,73283,Fresno,31821,16,50.28126080261463
HUILA,41132,Campoalegre,31873,16,50.19922818686663
MAGDALENA,47570,Puebloviejo,34162,17,49.7628944441192
VALLE,76616,Riofrío,16128,8,49.6031746031746
CAUCA,19473,Morales,44523,22,49.41266311793905
CESAR,20178,Chiriguaná,32424,16,49.34616333580064
AMAZONAS,91407,Leticia (CT),4073,2,49.10385465259023
HUILA,41503,Oporapa,12309,6,48.74482086278333
HUILA,41801,Teruel,8237,4,48.561369430617944
ANTIOQUIA,5579,Puerto Berrío,39164,19,48.51394137473189
SANTANDER,68211,Contratación,4144,2,48.262548262548265
BOYACÁ,15572,Puerto Boyacá,47787,23,48.130244627199865
ANTIOQUIA,5361,Ituango,29342,14,47.71317565264808
CAUCA,19513,Padilla,10541,5,47.433829807418654
ANTIOQUIA,5002,Abejorral,21121,10,47.34624307561195
VALLE,76113,Bugalagrande,25391,12,47.26084045527943
CASANARE,85315,Sácama,2125,1,47.05882352941177
CHOCÓ,27050,Atrato,6409,3,46.809174598221254
NORTE DE SANTANDER,54398,La Playa,8582,4,46.60918200885575
ANTIOQUIA,5411,Liborina,10817,5,46.22353702505316
BOLÍVAR,13673,Santa Catalina,15213,7,46.013278117399594
PUTUMAYO,86757,San Miguel,19566,9,45.998160073597056
NORTE DE SANTANDER,54174,Chitagá,13208,6,45.42701393095094
ANTIOQUIA,5895,Zaragoza,26532,12,45.22840343735866
BOYACÁ,15109,Buenavista,4509,2,44.35573297848747
SANTANDER,68575,Puerto Wilches,36099,16,44.32255741156265
QUINDÍO,63401,La Tebaida,33885,15,44.26737494466578
ANTIOQUIA,5034,Andes,45212,20,44.236043528266826
CAUCA,19392,La Sierra,11305,5,44.22821760283061
ANTIOQUIA,5142,Caracolí,4538,2,44.072278536800354
SAN ANDRÉS,88001,San Andrés (CT),56965,25,43.88659703326604
ANTIOQUIA,5197,Cocorná,16062,7,43.581123147802266
HUILA,41319,Guadalupe,18490,8,43.26663061114115
NORTE DE SANTANDER,54810,Tibú,67062,29,43.243565655661925
VALLE,76869,Vijes,13893,6,43.18721658389117
NORTE DE SANTANDER,54480,Mutiscua,4636,2,43.14063848144953
PUTUMAYO,86885,Villagarzón,25576,11,43.009071004066314
BOLÍVAR,13473,Morales,25591,11,42.98386151381345
CÓRDOBA,23350,La Apartada,16297,7,42.95269067926612
CAUCA,19743,Silvia,39887,17,42.6204026374508
CALDAS,17442,Marmato,9394,4,42.58037044922291
ANTIOQUIA,5541,Peñol,23491,10,42.56949470009791
NARIÑO,52696,Santa Bárbara,14142,6,42.42681374628765
NORTE DE SANTANDER,54874,Villa del Rosario,123460,52,42.11890490847238
CÓRDOBA,23678,San Carlos,28745,12,41.746390676639415
BOLÍVAR,13873,Villanueva,28802,12,41.66377334907298
VALLE,76001,Cali (CT),2280171,950,41.66354190102409
ANTIOQUIA,5649,San Carlos,16912,7,41.390728476821195
VALLE,76834,Tuluá,224250,92,41.02564102564102
NARIÑO,52405,Leiva,9779,4,40.903977911851925
NARIÑO,52678,Samaniego,29401,12,40.81493826740587
CESAR,20032,Astrea,22144,9,40.64306358381503
MAGDALENA,47053,Aracataca,44403,18,40.537801499898656
ANTIOQUIA,5664,San Pedro,22297,9,40.3641745526304
META,50573,Puerto López,32222,13,40.34510582831606
BOLÍVAR,13683,Santa Rosa,22371,9,40.23065575968888
VALLE,76863,Versalles,7457,3,40.23065575968888
HUILA,41799,Tello,12495,5,40.016006402561025
CAUCA,19256,El Tambo,57546,23,39.96802557953637
VALLE,76520,Palmira,378446,151,39.90001215497059
ANTIOQUIA,5190,Cisneros,10040,4,39.8406374501992
MAGDALENA,47551,Pivijay,40406,16,39.59807949314459
AMAZONAS,91001,Leticia (CT),53059,21,39.578582332874724
CUNDINAMARCA,25307,Girardot,103831,41,39.48724369407981
RISARALDA,66088,Belén de Umbría,25391,10,39.38403371273286
NARIÑO,52411,Linares,10242,4,39.05487209529389
ANTIOQUIA,5347,Heliconia,5126,2,39.01677721420211
ANTIOQUIA,5656,San Jerónimo,17982,7,38.92781670559448
ANTIOQUIA,5310,Gómez Plata,10301,4,38.831181438695275
NARIÑO,52022,Aldana,7748,3,38.71966959215281
CAUCA,19137,Caldono,43991,17,38.64426814575708
ATLÁNTICO,8001,Barranquilla (CT),1279120,493,38.54212270936269
SANTANDER,68190,Cimitarra,33782,13,38.48203185128175
BOLÍVAR,13580,Regidor,7810,3,38.41229193341869
VALLE,76892,Yumbo,114676,44,38.36896996756078
ANTIOQUIA,5313,Granada,10463,4,38.22995316830737
CASANARE,85125,Hato Corozal,13104,5,38.156288156288156
CAQUETÁ,18753,San Vicente del Caguán,52473,20,38.11484001295905
CESAR,20517,Pailitas,21068,8,37.97228023542814
TOLIMA,73043,Anzoátegui,10590,4,37.771482530689326
BOLÍVAR,13001,Cartagena (CT),1010408,381,37.707539924466154
BOYACÁ,15425,Macanal,5314,2,37.63643206624012
TOLIMA,73268,Espinal,71777,27,37.61650668041295
CÓRDOBA,23300,Cotorra,21334,8,37.49882816161995
CAUCA,19548,Piendamó,42676,16,37.491798669041145
NARIÑO,52687,San Lorenzo,18725,7,37.38317757009346
SANTANDER,68250,El Peñón,5351,2,37.376191366099796
QUINDÍO,63548,Pijao,5361,2,37.30647267300877
NORTE DE SANTANDER,54871,Villa Caro,5381,2,37.16781267422412
HUILA,41660,Saladoblanco,10768,4,37.14710252600297
CAUCA,19397,La Vega,24423,9,36.850509765385084
CAUCA,19100,Bolívar,38005,14,36.8372582554927
ANTIOQUIA,5030,Amagá,32595,12,36.81546249424758
BOLÍVAR,13654,San Jacinto,27176,10,36.79717397703857
NORTE DE SANTANDER,54001,Cúcuta (CT),790984,291,36.78961900619987
ANTIOQUIA,5483,Nariño,10906,4,36.677058499908306
CESAR,20621,La Paz,32751,12,36.64010259228726
BOYACÁ,15533,Paya,2735,1,36.56307129798903
ANTIOQUIA,5234,Dabeiba,24651,9,36.50967506389193
VALLE,76233,Dagua,57738,21,36.371194014340645
TOLIMA,73854,Valle de San Juan,5503,2,36.34381246592768
CALDAS,17616,Risaralda,11157,4,35.85193152281079
CESAR,20060,Bosconia,47690,17,35.64688613965192
CUNDINAMARCA,25662,San Juan de Río Seco,8423,3,35.61676362341208
BOYACÁ,15757,Socha,8424,3,35.612535612535616
CUNDINAMARCA,25281,Fosca,5631,2,35.51767004084532
CALDAS,17013,Aguadas,22674,8,35.28270265502338
TOLIMA,73200,Coello,8536,3,35.14526710402999
ATLÁNTICO,8758,Soledad,710269,248,34.91634859468736
TOLIMA,73236,Dolores,8594,3,34.908075401442865
TOLIMA,73443,Mariquita,40114,14,34.90053347958319
ANTIOQUIA,5667,San Rafael,17222,6,34.83915921495762
SANTANDER,68264,Encino,2898,1,34.50655624568668
MAGDALENA,47001,Santa Marta (CT),574486,198,34.465591850802284
BOLÍVAR,13244,El Carmen de Bolívar,76463,26,34.00337418097642
HUILA,41524,Palermo,26677,9,33.736926940810434
TOLIMA,73686,Santa Isabel,5933,2,33.70975897522333
NARIÑO,52435,Mallama,8934,3,33.5795836131632
ATLÁNTICO,8573,Puerto Colombia,62582,21,33.55597456137547
CALDAS,17174,Chinchiná,51007,17,33.328758797812064
BOYACÁ,15790,Tasco,6012,2,33.266799733865604
TOLIMA,73555,Planadas,27075,9,33.2409972299169
ARAUCA,81001,Arauca (CT),90619,30,33.10564009755129
SANTANDER,68296,Galán,3063,1,32.6477309826967
META,50711,Vistahermosa,18421,6,32.57152163291895
TOLIMA,73319,Guamo,33796,11,32.54823055982957
NARIÑO,52693,San Pablo,15407,5,32.452781203349126
CESAR,20013,Agustín Codazzi,67850,22,32.42446573323508
CALDAS,17495,Norcasia,6171,2,32.40965807810728
ANTIOQUIA,5284,Frontino,21716,7,32.23429729231903
ANTIOQUIA,5038,Angostura,12413,4,32.22428099573028
ANTIOQUIA,5890,Yolombó,24828,8,32.22168519413565
QUINDÍO,63272,Filandia,12418,4,32.211306168465136
ARAUCA,81736,Saravena,58996,19,32.205573259204016
NARIÑO,52399,La Unión,34338,11,32.034480750189296
SANTANDER,68655,Sabana de Torres,37531,12,31.973568516692865
CALDAS,17777,Supía,31325,10,31.923383878691137
CAQUETÁ,18256,El Paujil,18838,6,31.85051491665782
NARIÑO,52083,Belén,6288,2,31.806615776081426
CESAR,20011,Aguachica,132237,42,31.76115610608226
BOYACÁ,15776,Sutamarchán,6304,2,31.725888324873093
CHOCÓ,27006,Acandí,15963,5,31.322433126605276
NARIÑO,52356,Ipiales,121440,38,31.291172595520422
CAQUETÁ,18785,Solita,6398,2,31.259768677711783
SUCRE,70708,San Marcos,64076,20,31.212934640114863
HUILA,41396,La Plata,67536,21,31.094527363184078
NARIÑO,52256,El Rosario,12872,4,31.075201988812925
CÓRDOBA,23168,Chimá,19407,6,30.91667954861648
ANTIOQUIA,5679,Santa Bárbara,29171,9,30.852559048369958
CAUCA,19785,Sucre,9756,3,30.75030750307503
CESAR,20383,La Gloria,19514,6,30.747155888080353
RISARALDA,66001,Pereira (CT),486042,149,30.655786948453017
ANTIOQUIA,5628,Sabanalarga,9827,3,30.52813676605271
NARIÑO,52385,La Llanada,6565,2,30.46458492003046
META,50350,La Macarena,29571,9,30.435223698894184
PUTUMAYO,86573,Puerto Leguízamo,36170,11,30.411943599668234
TOLIMA,73152,Casabianca,6590,2,30.349013657056144
NARIÑO,52224,Cuaspud,9889,3,30.336737789463037
CAQUETÁ,18247,El Doncello,19817,6,30.277034869051825
META,50568,Puerto Gaitán,53006,16,30.185262045806137
ANTIOQUIA,5686,Santa Rosa de Osos,39788,12,30.15984719010757
NARIÑO,52215,Córdoba,16735,5,29.877502240812667
ANTIOQUIA,5690,Santo Domingo,13434,4,29.77519726068185
TOLIMA,73067,Ataco,20279,6,29.587257754327137
GUAVIARE,95001,San José del Guaviare (CT),54315,16,29.45779250667403
BOYACÁ,15673,San Mateo,3397,1,29.437739181630853
SUCRE,70473,Morroa,17030,5,29.35995302407516
CAQUETÁ,18592,Puerto Rico,27339,8,29.262226123852376
QUINDÍO,63690,Salento,10264,3,29.228371005455966
CALDAS,17380,La Dorada,72044,21,29.14885347842985
CESAR,20550,Pelaya,24204,7,28.920839530656092
NARIÑO,52585,Pupiales,17327,5,28.85669763952213
CESAR,20710,San Alberto,31199,9,28.847078432001023
RISARALDA,66440,Marsella,17421,5,28.700993054359678
ANTIOQUIA,5315,Guadalupe,6975,2,28.67383512544803
MAGDALENA,47703,San Zenón,13973,4,28.626637085808348
CAUCA,19517,Paez,52403,15,28.62431540178997
CÓRDOBA,23466,Montelíbano,87467,25,28.58220814707261
NARIÑO,52079,Barbacoas,63548,18,28.325045634795746
ANTIOQUIA,5172,Chigorodó,56758,16,28.189858698333275
ANTIOQUIA,5318,Guarne,64068,18,28.095148904289193
META,50577,Puerto Lleras,10704,3,28.026905829596412
CAQUETÁ,18860,Valparaíso,7156,2,27.94857462269424
CAQUETÁ,18150,Cartagena del Chairá,32224,9,27.929493545183718
CHOCÓ,27075,Bahía Solano,10756,3,27.891409445890663
CALDAS,17486,Neira,21568,6,27.81899109792285
ANTIOQUIA,5148,El Carmen de Viboral,68325,19,27.808269301134285
META,50680,San Carlos de Guaroa,14424,4,27.731558513588467
ANTIOQUIA,5113,Buriticá,10848,3,27.654867256637168
SUCRE,70221,Coveñas,21748,6,27.588743792532647
TOLIMA,73148,Carmen de Apicalá,10895,3,27.535566773749427
CASANARE,85400,Támara,7293,2,27.42355683532154
BOLÍVAR,13052,Arjona,73374,20,27.257611688063893
CUNDINAMARCA,25489,Nimaima,3674,1,27.218290691344585
TOLIMA,73408,Lérida,18514,5,27.00658960786432
CESAR,20770,San Martín,33351,9,26.98569758028245
NARIÑO,52250,El Charco,22396,6,26.79049830326844
SANTANDER,68162,Cerrito,7482,2,26.73082063619353
ANTIOQUIA,5045,Apartadó,124423,33,26.52242752545751
CESAR,20175,Chimichagua,37732,10,26.502703275734124
NORTE DE SANTANDER,54109,Bucarasica,7559,2,26.458526260087314
TOLIMA,73347,Herveo,7598,2,26.322716504343248
SANTANDER,68745,Simacota,11483,3,26.125576939824086
NARIÑO,52490,Olaya Herrera,26822,7,26.097979270747892
VALLE,76126,Calima,19194,5,26.049807231426488
CESAR,20045,Becerril,26931,7,25.992350822472247
ATLÁNTICO,8520,Palmar de Varela,34647,9,25.97627500216469
QUINDÍO,63302,Génova,7723,2,25.896672277612325
RISARALDA,66383,La Celia,7749,2,25.80978190734288
CAUCA,19418,López,19491,5,25.65286542506798
SUCRE,70265,Guaranda,19509,5,25.629196780972887
ANTIOQUIA,5079,Barbosa,62506,16,25.597542635906954
QUINDÍO,63130,Calarca,74545,19,25.487960292440807
META,50330,Mesetas,11781,3,25.464731347084285
BOLÍVAR,13006,Achí,27507,7,25.448067764569018
ANTIOQUIA,5697,El Santuario,39396,10,25.383287643415578
ANTIOQUIA,5150,Carolina,3947,1,25.33569799847986
ANTIOQUIA,5400,La Unión,23718,6,25.297242600556537
HUILA,41668,San Agustín,35620,9,25.266704098820885
TOLIMA,73270,Falan,7948,2,25.163563160543532
TOLIMA,73616,Rioblanco,23853,6,25.154068670607472
CUNDINAMARCA,25740,Sibaté,40013,10,24.99187763976708
CAUCA,19622,Rosas,12028,3,24.94180246092451
ARAUCA,81300,Fortul,20073,5,24.909081851242963
HUILA,41797,Tesalia,12047,3,24.902465344069064
AMAZONAS,91798,Leticia (CT),4018,1,24.888003982080637
ANTIOQUIA,5042,Santafé de Antioquia,28130,7,24.884464984002843
META,50318,Guamal,16202,4,24.68831008517467
BOLÍVAR,13600,Río Viejo,12277,3,24.43593711818848
BOYACÁ,15507,Otanche,8190,2,24.42002442002442
RISARALDA,66682,Santa Rosa de Cabal,83030,20,24.087679152113694
CESAR,20250,El Paso,45704,11,24.067915280938212
VALLE,76109,Buenaventura,328686,79,24.035097326932085
MAGDALENA,47245,El Banco,75024,18,23.99232245681382
NORTE DE SANTANDER,54385,La Esperanza,12516,3,23.969319271332694
NARIÑO,52110,Buesaco,25040,6,23.961661341853034
SANTANDER,68820,Tona,8362,2,23.91772303276728
CHOCÓ,27600,Río Quito,8434,2,23.713540431586438
HUILA,41298,Garzón,76079,18,23.659616977089605
META,50251,El Castillo,8473,2,23.60439041661749
RISARALDA,66045,Apía,12754,3,23.52203230359103
BOLÍVAR,13042,Arenal,8533,2,23.438415563107935
CUNDINAMARCA,25793,Tausa,8560,2,23.364485981308412
CAUCA,19807,Timbío,38572,9,23.332987659442082
BOYACÁ,15244,El Cocuy,4305,1,23.228803716608596
BOLÍVAR,13074,Barranco de Loba,17222,4,23.226106143305074
CÓRDOBA,23672,San Antero,38802,9,23.19468068656255
CUNDINAMARCA,25599,Apulo,8624,2,23.19109461966605
ANTIOQUIA,5615,Rionegro,151872,35,23.045722713864308
META,50450,Puerto Concordia,8692,2,23.00966405890474
META,50313,Granada,73899,17,23.004370830457788
RISARALDA,66170,Dosquebradas,240061,55,22.91084349394529
ANTIOQUIA,5543,Peque,8733,2,22.901637467078896
NARIÑO,52036,Ancuyá,8823,2,22.66802674827156
CUNDINAMARCA,25530,Paratebueno,8841,2,22.621875353466802
QUINDÍO,63001,Armenia (CT),305676,69,22.572920347034113
GUAVIARE,95025,El Retorno,13324,3,22.515761032722907
BOLÍVAR,13442,María La Baja,48970,11,22.462732285072494
ATLÁNTICO,8137,Campo de La Cruz,26781,6,22.40394309398454
ANTIOQUIA,5212,Copacabana,89546,20,22.33488933062337
BOYACÁ,15814,Toca,8960,2,22.32142857142857
CESAR,20228,Curumaní,44811,10,22.3159492088996
GUAJIRA,44279,Fonseca,53775,12,22.315202231520225
CUNDINAMARCA,25506,Venecia,4505,1,22.197558268590456
ANTIOQUIA,5125,Caicedo,9036,2,22.13368747233289
MAGDALENA,47460,Nueva Granada,22650,5,22.075055187637968
ANTIOQUIA,5145,Caramanta,4556,1,21.949078138718175
ANTIOQUIA,5440,Marinilla,73095,16,21.889322115055748
CÓRDOBA,23580,Puerto Libertador,45697,10,21.88327461321312
NORTE DE SANTANDER,54800,Teorama,18309,4,21.847178983013816
ANTIOQUIA,5480,Mutatá,13872,3,21.62629757785467
HUILA,41013,Agrado,9282,2,21.54708037060978
HUILA,41807,Timaná,23228,5,21.52574479076976
SUCRE,70400,La Unión,13950,3,21.50537634408602
CUNDINAMARCA,25754,Soacha,842579,181,21.481665220709274
ANTIOQUIA,5308,Girardota,60604,13,21.45072932479704
CESAR,20750,San Diego,23324,5,21.437146287086264
SUCRE,70742,San Luis de Sincé,32683,7,21.417862497322766
CASANARE,85430,Trinidad,14036,3,21.373610715303506
NARIÑO,52835,San Andres de Tumaco,272306,58,21.299567398441457
SANTANDER,68001,Bucaramanga (CT),615463,131,21.284788850020227
HUILA,41026,Altamira,4710,1,21.231422505307858
META,50689,San Martín,28332,6,21.177467174925876
META,50683,San Juan de Arama,9444,2,21.177467174925876
HUILA,41615,Rivera,28367,6,21.15133782211725
BOYACÁ,15897,Zetaquira,4740,1,21.09704641350211
META,50001,Villavicencio (CT),579176,122,21.064408746218763
GUAJIRA,44078,Barrancas,42798,9,21.029020047665778
ANTIOQUIA,5321,Guatapé,9518,2,21.01281781886951
HUILA,41001,Neiva (CT),396442,83,20.93622774579888
CAUCA,19364,Jambaló,19163,4,20.873558419871628
VICHADA,99001,Puerto Carreño (CT),23959,5,20.86898451521349
TOLIMA,73168,Chaparral,52842,11,20.81677453540744
BOLÍVAR,13836,Turbaco,124939,26,20.810155355813638
TOLIMA,73024,Alpujarra,4807,1,20.802995631370916
CAQUETÁ,18029,Albania,4833,1,20.69108214359611
CUNDINAMARCA,25653,San Cayetano,4839,1,20.665426741062205
ATLÁNTICO,8634,Sabanagrande,38726,8,20.657955895264163
META,50370,Uribe,9695,2,20.629190304280556
ANTIOQUIA,5670,San Roque,24238,5,20.628764749566795
NARIÑO,52260,El Tambo,14548,3,20.621391256530107
SANTANDER,68152,Carcasí,4852,1,20.610057708161584
CASANARE,85139,Maní,19474,4,20.540207456095306
NORTE DE SANTANDER,54498,Ocaña,136427,28,20.523796609175605
CESAR,20001,Valledupar (CT),601259,123,20.457074239221367
SUCRE,70702,San Juan de Betulia,14694,3,20.41649652919559
ANTIOQUIA,5674,San Vicente,24534,5,20.379880981495067
CUNDINAMARCA,25592,Quebradanegra,4922,1,20.316944331572532
ANTIOQUIA,5237,Don Matías,19689,4,20.31591243841739
TOLIMA,73671,Saldaña,14768,3,20.31419284940412
BOLÍVAR,13780,Talaigua Nuevo,14965,3,20.046775810223856
BOYACÁ,15580,Quípama,5005,1,19.98001998001998
NORTE DE SANTANDER,54172,Chinácota,20021,4,19.979022026871785
SUCRE,70429,Majagual,40125,8,19.937694704049846
NORTE DE SANTANDER,54239,Durania,5044,1,19.825535289452816
TOLIMA,73520,Palocabildo,10120,2,19.76284584980237
CUNDINAMARCA,25328,Guayabal de Siquima,5062,1,19.755037534571315
SANTANDER,68397,La Paz,5075,1,19.704433497536947
ANTIOQUIA,5206,Concepción,5108,1,19.57713390759593
SUCRE,70215,Corozal,76816,15,19.52718183711727
CUNDINAMARCA,25320,Guaduas,30787,6,19.488745249618347
BOYACÁ,15047,Aquitania,15405,3,19.474196689386563
GUAJIRA,44035,Albania,35960,7,19.46607341490545
BOLÍVAR,13430,Magangué,149065,29,19.454600342132625
BOYACÁ,15097,Boavita,5145,1,19.436345966958214
MAGDALENA,47170,Chivolo,25934,5,19.279710033161102
ANTIOQUIA,5021,Alejandría,5196,1,19.245573518090836
ANTIOQUIA,5837,Turbo,130019,25,19.227958990609064
NARIÑO,52560,Potosí,10402,2,19.227071716977505
NARIÑO,52683,Sandoná,20826,4,19.206760779794486
BOLÍVAR,13188,Cicuco,15697,3,19.11193221634707
TOLIMA,73483,Natagaima,15717,3,19.08761213972132
CUNDINAMARCA,25572,Puerto Salgar,15771,3,19.022256039566294
BOLÍVAR,13647,San Estanislao,21053,4,18.99966750581865
BOYACÁ,15476,Motavita,5281,1,18.935807612194658
BOYACÁ,15667,San Luis de Gaceno,5304,1,18.85369532428356
SUCRE,70670,Sampués,53083,10,18.83842284723923
ATLÁNTICO,8296,Galapa,69030,13,18.832391713747647
SUCRE,70678,San Benito Abad,31892,6,18.81349554747272
ANTIOQUIA,5607,Retiro,26766,5,18.68041545243966
HUILA,41676,Santa María,10740,2,18.6219739292365
CÓRDOBA,23570,Pueblo Nuevo,37976,7,18.43269433326311
CASANARE,85250,Paz de Ariporo,38468,7,18.19694291359052
BOLÍVAR,13458,Montecristo,16510,3,18.170805572380377
ANTIOQUIA,5129,Caldas,88316,16,18.116762534535077
NARIÑO,52565,Providencia,5555,1,18.001800180018
ANTIOQUIA,5873,Vigía del Fuerte,11150,2,17.937219730941703
TOLIMA,73622,Roncesvalles,5609,1,17.828489926903192
CUNDINAMARCA,25743,Silvania,22445,4,17.82134105591446
SUCRE,70001,Sincelejo (CT),319888,57,17.818736557795226
ANTIOQUIA,5147,Carepa,50543,9,17.806620105652613
SANTANDER,68077,Barbosa,33724,6,17.791483809749735
MAGDALENA,47707,Santa Ana,28187,5,17.73867385674247
CUNDINAMARCA,25491,Nocaima,5654,1,17.686593562079942
CÓRDOBA,23189,Ciénaga de Oro,62594,11,17.573569351695053
CUNDINAMARCA,25148,Caparrapí,11509,2,17.377704405248068
BOYACÁ,15835,Turmequé,5756,1,17.373175816539263
ANTIOQUIA,5475,Murindó,5769,1,17.33402669440111
CESAR,20443,Manaure,11548,2,17.319016279875303
SANTANDER,68101,Bolívar,11558,2,17.304031839418585
NARIÑO,52885,Yacuanquer,11573,2,17.281603732826408
SUCRE,70823,Tolú Viejo,23190,4,17.248814144027598
CAUCA,19001,Popayán (CT),348444,60,17.219409718634846
CAUCA,19355,Inzá,29139,5,17.15913380692543
SANTANDER,68307,Girón,175000,30,17.142857142857142
BOLÍVAR,13440,Margarita,11721,2,17.063390495691493
QUINDÍO,63212,Córdoba,5866,1,17.047391749062392
SUCRE,70713,San Onofre,52983,9,16.986580601324953
HUILA,41306,Gigante,23760,4,16.835016835016837
BOYACÁ,15185,Chitaraque,5961,1,16.775708773695687
SUCRE,70110,Buenavista,11927,2,16.768676113020877
CHOCÓ,27160,Cértegui,5986,1,16.70564650851988
CASANARE,85001,Yopal (CT),192468,32,16.626140449321447
CHOCÓ,27615,Riosucio,30082,5,16.62123529020677
ANTIOQUIA,5490,Necoclí,42718,7,16.386534950138113
ATLÁNTICO,8638,Sabanalarga,103909,17,16.360469256753507
SUCRE,70508,Ovejas,24462,4,16.351892731583682
META,50226,Cumaral,24556,4,16.28929793125916
CAUCA,19022,Almaguer,18432,3,16.276041666666664
CALDAS,17042,Anserma,37428,6,16.03077909586406
TOLIMA,73349,Honda,24953,4,16.030136656914998
BOYACÁ,15638,Sáchica,6250,1,16.0
SUCRE,70820,Santiago de Tolú,37512,6,15.99488163787588
ANTIOQUIA,5264,Entrerrios,12568,2,15.913430935709737
MAGDALENA,47058,Ariguaní,31525,5,15.860428231562253
ANTIOQUIA,5306,Giraldo,6331,1,15.795293002685199
CHOCÓ,27205,Condoto,12664,2,15.792798483891344
BOLÍVAR,13433,Mahates,31676,5,15.784821315822706
TOLIMA,73124,Cajamarca,19013,3,15.778677746804817
CALDAS,17877,Viterbo,12728,2,15.713387806411063
BOYACÁ,15051,Arcabuco,6370,1,15.698587127158556
TOLIMA,73055,Armero,12831,2,15.587249629802821
GUAJIRA,44650,San Juan del Cesar,57850,9,15.557476231633533
CASANARE,85410,Tauramena,25904,4,15.441630636195184
BOYACÁ,15223,Cubará,12974,2,15.415446277169725
ATLÁNTICO,8421,Luruaco,32443,5,15.41164503899146
SANTANDER,68498,Ocamonte,6494,1,15.398829688943641
TOLIMA,73449,Melgar,39096,6,15.34683855125844
NARIÑO,52378,La Cruz,19560,3,15.337423312883436
CUNDINAMARCA,11001,Bogotá D.C. (CT),7918660,1214,15.330876688732689
GUAJIRA,44430,Maicao,208965,32,15.313569258009716
ANTIOQUIA,5467,Montebello,6595,1,15.163002274450342
BOLÍVAR,13894,Zambrano,13291,2,15.047776690993905
RISARALDA,66075,Balboa,6647,1,15.044380923724988
ANTIOQUIA,5591,Puerto Triunfo,20006,3,14.995501349595122
CASANARE,85263,Pore,13407,2,14.917580368464236
CUNDINAMARCA,25862,Vergara,6708,1,14.90757304710793
CUNDINAMARCA,25781,Sutatausa,6727,1,14.86546751895347
CUNDINAMARCA,25845,Une,6730,1,14.858841010401187
BOYACÁ,15204,Cómbita,13473,2,14.844503822459735
CUNDINAMARCA,25269,Facatativá,161874,24,14.826346417584046
CUNDINAMARCA,25878,Viotá,13500,2,14.814814814814815
BOYACÁ,15681,San Pablo de Borbur,6772,1,14.766686355581808
ATLÁNTICO,8560,Ponedera,27097,4,14.76178174705687
CAUCA,19824,Totoró,27100,4,14.760147601476016
SANTANDER,68276,Floridablanca,312530,46,14.718587015646499
CALDAS,17444,Marquetalia,13619,2,14.685366032748364
CASANARE,85440,Villanueva,40889,6,14.673873168822912
NARIÑO,52694,San Pedro de Cartago,6842,1,14.615609470914936
SUCRE,70717,San Pedro,20760,3,14.450867052023122
TOLIMA,73678,San Luis,13979,2,14.307175048286716
NORTE DE SANTANDER,54206,Convención,20973,3,14.304105278214847
NORTE DE SANTANDER,54377,Labateca,6999,1,14.287755393627661
SANTANDER,68855,Valle de San José,7004,1,14.277555682467161
ATLÁNTICO,8558,Polonuevo,21012,3,14.277555682467161
CALDAS,17662,Samaná,21128,3,14.199166982203712
META,50606,Restrepo,21173,3,14.168988806498843
NORTE DE SANTANDER,54720,Sardinata,28494,4,14.038043096792306
ANTIOQUIA,5368,Jericó,14317,2,13.969406998672905
TOLIMA,73001,Ibagué (CT),552035,77,13.948390953472153
ANTIOQUIA,5495,Nechí,28955,4,13.814539803142807
CUNDINAMARCA,25875,Villeta,29130,4,13.731548232063165
CAUCA,19760,Sotara,14596,2,13.702384214853385
SANTANDER,68547,Piedecuesta,189863,26,13.694084682112893
CAUCA,19318,Guapi,29275,4,13.663535439795046
CUNDINAMARCA,25486,Nemocón,14659,2,13.643495463537759
ATLÁNTICO,8078,Baranoa,73740,10,13.561160835367508
CESAR,20400,La Jagua de Ibirico,58996,8,13.560241372296428
SANTANDER,68773,Sucre,7377,1,13.555645926528397
ANTIOQUIA,5842,Uramita,7406,1,13.502565487442613
CÓRDOBA,23079,Buenavista,22295,3,13.45593182327876
BOYACÁ,15755,Socotá,7460,1,13.404825737265417
GUAJIRA,44110,El Molino,7527,1,13.28550551348479
NARIÑO,52207,Consaca,15175,2,13.179571663920921
CUNDINAMARCA,25612,Ricaurte,15191,2,13.165690211309329
CÓRDOBA,23682,San José de Uré,15244,2,13.119916032537391
ANTIOQUIA,5364,Jardín,15350,2,13.02931596091205
NARIÑO,52352,Iles,7678,1,13.024225058609012
ANTIOQUIA,5585,Puerto Nare,15465,2,12.932428063368897
META,50110,Barranca de Upía,7750,1,12.903225806451614
CAQUETÁ,18205,Curillo,7783,1,12.848515996402416
CÓRDOBA,23001,Montería (CT),563597,72,12.77508574389147
NARIÑO,52254,El Peñol,7831,1,12.769761205465457
NARIÑO,52838,Túquerres,47014,6,12.762155953545754
NARIÑO,52354,Imués,7836,1,12.761613067891782
TOLIMA,73217,Coyaima,23625,3,12.698412698412698
CUNDINAMARCA,25839,Ubalá,7889,1,12.675877804537965
BOLÍVAR,13667,San Martín de Loba,15853,2,12.615908660821296
CÓRDOBA,23162,Cereté,119389,15,12.563971555168399
ATLÁNTICO,8372,Juan de Acosta,23939,3,12.531851789966163
CAQUETÁ,18001,Florencia (CT),184170,23,12.48846174729869
BOLÍVAR,13268,El Peñón,8018,1,12.47193813918683
CUNDINAMARCA,25815,Tocaima,16059,2,12.45407559623887
BOYACÁ,15600,Ráquira,8043,1,12.433171702101205
VALLE,76306,Ginebra,24240,3,12.376237623762377
GUAJIRA,44874,Villanueva,32651,4,12.25077333006646
ANTIOQUIA,5001,Medellín (CT),2524747,309,12.238850070917998
ANTIOQUIA,5380,La Estrella,81925,10,12.206286237412268
CÓRDOBA,23090,Canalete,16420,2,12.18026796589525
PUTUMAYO,86001,Mocoa (CT),65766,8,12.164340236596416
HUILA,41078,Baraya,8221,1,12.16397031991242
BOYACÁ,15183,Chita,8239,1,12.137395314965408
BOYACÁ,15837,Tuta,8251,1,12.119743061447098
CÓRDOBA,23555,Planeta Rica,66459,8,12.037496802539913
CESAR,20570,Pueblo Bello,33724,4,11.860989206499822
CESAR,20787,Tamalameque,16871,2,11.854661845770849
CUNDINAMARCA,25438,Medina,8472,1,11.803588290840416
NARIÑO,52203,Colón,8501,1,11.763321962122104
BOLÍVAR,13062,Arroyohondo,8531,1,11.72195522213105
NARIÑO,52573,Puerres,8534,1,11.717834544176236
CÓRDOBA,23417,Lorica,120346,14,11.633124491050804
META,50150,Castilla la Nueva,17240,2,11.600928074245939
CHOCÓ,27245,El Carmen de Atrato,8622,1,11.59823706796567
CÓRDOBA,23182,Chinú,52071,6,11.522728582128249
CUNDINAMARCA,25473,Mosquera,173675,20,11.515762199510581
NORTE DE SANTANDER,54820,Toledo,17424,2,11.47842056932966
ANTIOQUIA,5282,Fredonia,26245,3,11.430748714040769
CUNDINAMARCA,25260,El Rosal,26497,3,11.322036456957392
BOLÍVAR,13838,Turbaná,17726,2,11.282861333634209
CUNDINAMARCA,25245,El Colegio,26618,3,11.270568788038169
SANTANDER,68861,Vélez,26750,3,11.214953271028037
SANTANDER,68689,San Vicente de Chucurí,35766,4,11.18380584913046
ATLÁNTICO,8685,Santo Tomás,36050,4,11.095700416088766
TOLIMA,73226,Cunday,9022,1,11.084016847705607
SANTANDER,68615,Rionegro,27251,3,11.008770320355216
RISARALDA,66572,Pueblo Rico,18266,2,10.949304719150334
CALDAS,17433,Manzanares,18375,2,10.884353741496598
RISARALDA,66456,Mistrató,18387,2,10.877250231141566
BOLÍVAR,13810,Tiquisio,18535,2,10.790396547073104
META,50006,Acacías,102025,11,10.78167115902965
CASANARE,85162,Monterrey,18836,2,10.617965597791464
RISARALDA,66400,La Virginia,28384,3,10.56933483652762
CÓRDOBA,23586,Purísima,19091,2,10.476140589806715
ATLÁNTICO,8141,Candelaria,19104,2,10.469011725293132
TOLIMA,73870,Villahermosa,9556,1,10.464629552113855
CAUCA,19809,Timbiquí,29010,3,10.341261633919338
CUNDINAMARCA,25394,La Palma,9706,1,10.302905419328251
CALDAS,17653,Salamina,19511,2,10.25062785095587
BOYACÁ,15759,Sogamoso,136725,14,10.239531907112818
CASANARE,85010,Aguazul,39218,4,10.199398235504106
CUNDINAMARCA,25290,Fusagasugá,156943,16,10.194784093588119
CÓRDOBA,23660,Sahagún,118572,12,10.120433154539015
ATLÁNTICO,8606,Repelón,29894,3,10.035458620458954
ATLÁNTICO,8832,Tubará,20017,2,9.991507218863966
NARIÑO,52381,La Florida,10098,1,9.902951079421667
CAQUETÁ,18460,Milán,10177,1,9.826078412105728
CUNDINAMARCA,25899,Zipaquirá,163372,16,9.793599882476801
MAGDALENA,47541,Pedraza,10248,1,9.758001561280249
SANTANDER,68770,Suaita,10286,1,9.721952167995333
ANTIOQUIA,5376,La Ceja,72033,7,9.71776824510988
NORTE DE SANTANDER,54405,Los Patios,103208,10,9.689171382063407
CALDAS,17088,Belalcázar,10467,1,9.553835865099838
ANTIOQUIA,5051,Arboletes,31449,3,9.539254030334828
SUCRE,70233,El Roble,10586,1,9.446438692612885
VICHADA,99524,La Primavera,10603,1,9.431293030274452
NORTE DE SANTANDER,54344,Hacarí,10775,1,9.280742459396752
ANTIOQUIA,5665,San Pedro de Urabá,32352,3,9.27299703264095
CAQUETÁ,18756,Solano,10830,1,9.233610341643582
CALDAS,17867,Victoria,10927,1,9.151642719868216
CÓRDOBA,23464,Momil,22186,2,9.014693951140359
CÓRDOBA,23807,Tierralta,100490,9,8.956115036322023
CHOCÓ,27425,Medio Atrato,11179,1,8.94534394847482
BOYACÁ,15238,Duitama,134425,12,8.926910916868142
MAGDALENA,47161,Cerro San Antonio,11374,1,8.791981712678037
CUNDINAMARCA,25718,Sasaima,11389,1,8.780402142418122
CHOCÓ,27077,Bajo Baudó,34197,3,8.772699359592947
BOLÍVAR,13030,Altos del Rosario,11401,1,8.771160424524163
CUNDINAMARCA,25785,Tabio,22884,2,8.739730816290859
SANTANDER,68500,Oiba,11595,1,8.624407072013799
NARIÑO,52320,Guaitarilla,11604,1,8.617718028266115
CUNDINAMARCA,25001,Agua de Dios,11820,1,8.460236886632826
CUNDINAMARCA,25286,Funza,118457,10,8.441881864305191
ANTIOQUIA,5088,Bello,593344,50,8.426814798835077
TOLIMA,73504,Ortega,36303,3,8.263779852904719
CALDAS,17873,Villamaría,72649,6,8.258888628886838
MAGDALENA,47555,Plato,72742,6,8.24832971323307
BOLÍVAR,13140,Calamar,24810,2,8.061265618702137
TOLIMA,73352,Icononzo,12415,1,8.054772452678211
NARIÑO,52621,Roberto Payán,12427,1,8.04699444757383
CHOCÓ,27073,Bagadó,12471,1,8.018603159329643
TOLIMA,73411,Líbano,37508,3,7.998293697344567
SANTANDER,68406,Lebrija,50221,4,7.964795603432828
CUNDINAMARCA,25658,San Francisco,12563,1,7.959882193743533
NARIÑO,52001,Pasto (CT),403166,32,7.937177242128553
BOYACÁ,15516,Paipa,37880,3,7.919746568109821
ANTIOQUIA,5240,Ebéjico,12627,1,7.919537499010058
BOLÍVAR,13650,San Fernando,12766,1,7.833307222309259
NORTE DE SANTANDER,54250,El Tarra,26769,2,7.47132877582278
NARIÑO,52227,Cumbal,40406,3,7.424639904964609
MAGDALENA,47605,Remolino,13533,1,7.389344565137073
NORTE DE SANTANDER,54670,San Calixto,13579,1,7.364312541424257
SANTANDER,68167,Charalá,13688,1,7.305669199298655
HUILA,41378,La Argentina,13876,1,7.206687806284232
NARIÑO,52427,Magüi,27970,2,7.150518412584913
BOLÍVAR,13657,San Juan Nepomuceno,42048,3,7.134703196347032
RISARALDA,66594,Quinchía,28224,2,7.086167800453515
ATLÁNTICO,8770,Suan,14150,1,7.06713780918728
CASANARE,85230,Orocué,14229,1,7.027900766041184
ANTIOQUIA,5660,San Luis,14242,1,7.021485746383935
GUAJIRA,44098,Distracción,14277,1,7.004272606289836
MAGDALENA,47318,Guamal,28668,2,6.976419701409237
MAGDALENA,47798,Tenerife,14340,1,6.97350069735007
SANTANDER,68229,Curití,14441,1,6.924728204417977
NARIÑO,52788,Tangua,14521,1,6.886578059362303
CUNDINAMARCA,25040,Anolaima,14581,1,6.858240175570948
NARIÑO,52258,El Tablón de Gómez,14671,1,6.816167950378297
CUNDINAMARCA,25317,Guachetá,14716,1,6.79532481652623
ATLÁNTICO,8849,Usiacurí,15033,1,6.652032195835829
CUNDINAMARCA,25214,Cota,46260,3,6.485084306095979
CUNDINAMARCA,25430,Madrid,139289,9,6.4613860390985645
BOLÍVAR,13222,Clemencia,15919,1,6.281801620704818
PUTUMAYO,86749,Sibundoy,16037,1,6.235580220739539
CESAR,20295,Gamarra,16058,1,6.227425582264291
SUCRE,70523,Palmito,16081,1,6.218518748834027
CUNDINAMARCA,25817,Tocancipá,48367,3,6.202576136622077
BOLÍVAR,13468,Mompós,48552,3,6.178942165101334
NARIÑO,52240,Chachagüí,16366,1,6.110228522546743
CÓRDOBA,23500,Moñitos,32846,2,6.089021494245874
MAGDALENA,47660,Sabanas de San Angel,16704,1,5.986590038314176
SUCRE,70771,Sucre,33442,2,5.980503558399617
SANTANDER,68418,Los Santos,16737,1,5.97478640138615
HUILA,41016,Aipe,17200,1,5.813953488372094
CALDAS,17001,Manizales (CT),467681,27,5.773165897267582
SUCRE,70124,Caimito,17498,1,5.7149388501543035
CUNDINAMARCA,25769,Subachoque,17703,1,5.648760097158673
SANTANDER,68755,Socorro,36336,2,5.504183179216204
VALLE,76377,La Cumbre,18290,1,5.467468562055768
CÓRDOBA,23855,Valencia,36721,2,5.446474769205632
CUNDINAMARCA,25386,La Mesa,36901,2,5.419907319584835
CHOCÓ,27495,Nuquí,18555,1,5.3893829156561575
HUILA,41791,Tarqui,18649,1,5.362217813287575
CUNDINAMARCA,25772,Suesca,19171,1,5.2162119868551455
CÓRDOBA,23419,Los Córdobas,19217,1,5.203725867721289
BOYACÁ,15299,Garagoa,19295,1,5.182689816014512
BOYACÁ,15646,Samacá,19327,1,5.17410875976613
GUAINÍA,94001,Inírida (CT),38710,2,5.1666236114699045
BOYACÁ,15176,Chiquinquirá,58135,3,5.160402511395889
ANTIOQUIA,5659,San Juan de Urabá,20025,1,4.9937578027465666
ANTIOQUIA,5360,Itagui,302075,15,4.965654224944137
CÓRDOBA,23675,San Bernardo del Viento,40897,2,4.890334254346285
CUNDINAMARCA,25295,Gachancipá,20800,1,4.8076923076923075
VICHADA,99773,Cumaribo,104385,5,4.78996024332998
CHOCÓ,27150,Carmen del Darien,21234,1,4.709428275407365
ANTIOQUIA,5266,Envigado,260430,12,4.607764082478977
TOLIMA,73585,Purificación,24074,1,4.153858934950569
GUAJIRA,44560,Manaure,96422,4,4.148430856028708
SANTANDER,68235,El Carmen de Chucurí,24214,1,4.129842240026432
SUCRE,70235,Galeras,25175,1,3.972194637537239
SUCRE,70418,Los Palmitos,25570,1,3.9108330074305826
MAGDALENA,47258,El Piñon,26170,1,3.8211692777990063
NORTE DE SANTANDER,54518,Pamplona,52427,2,3.814828237358613
CALDAS,17614,Riosucio,52440,2,3.8138825324180017
CHOCÓ,27250,El Litoral del San Juan,26236,1,3.8115566397316667
BOYACÁ,15001,Tunja (CT),187765,7,3.728064335738823
CUNDINAMARCA,25175,Chía,169539,6,3.5390087236565035
CÓRDOBA,23686,San Pelayo,57804,2,3.4599681682928516
QUINDÍO,63190,Circasia,29013,1,3.446730775859098
VAUPÉS,97001,Mitú (CT),31810,1,3.1436655139893115
CUNDINAMARCA,25758,Sopó,32937,1,3.0360992197225007
SANTANDER,68679,San Gil,67893,2,2.9458117920846036
CUNDINAMARCA,25843,Villa de San Diego de Ubate,47305,1,2.1139414438220063
CÓRDOBA,23068,Ayapel,49883,1,2.0046909768859127
ANTIOQUIA,5631,Sabaneta,103765,2,1.9274321784802195
CÓRDOBA,23670,San Andrés Sotavento,52225,1,1.9147917663954046
CUNDINAMARCA,25126,Cajicá,118870,1,0.8412551526878103
GUAJIRA,44847,Uribia,200665,1,0.4983430094934343
